EventID,EntertainerID,LocationID,EventDate,Revenue,AudienceCount
E4269,A8517,L6617,2022-10-19,274972,2478
E8541,A6155,L6718,2017-04-10,410828,11821
E6728,A2307,L4492,2018-10-02,220988,16576
E6000,A4150,L9288,2021-03-23,59992,3577
E4728,A9751,L5325,2018-10-02,218287,9597
E4652,A4593,L2188,2017-05-23,79455,9974
E1387,A3340,L5114,2016-11-09,78699,19975
E4164,A4611,L5956,2024-06-21,298058,2934
E7528,A5012,L3584,2023-12-30,309246,9324
E6378,A9928,L7484,2018-02-02,306490,14441
E5564,A7572,L9666,2021-06-08,398608,12598
E2137,A3340,L5616,2024-06-29,493647,13047
E5573,A8428,L5905,2019-07-10,53535,1109
E6753,A4657,L5462,2019-10-10,485928,15631
E9346,A1434,L8179,2018-10-28,56383,5222
E7548,A2424,L2891,2015-12-03,296008,17580
E9785,A6514,L3200,2021-05-21,409705,7304
E6425,A2489,L9004,2019-06-30,53948,4568
E1452,A4483,L9900,2023-12-25,412957,12912
E2889,A4150,L2891,2022-03-09,150995,17982
E5279,A4150,L4910,2022-04-13,455806,9765
E3925,A4733,L5669,2022-05-05,281826,4821
E5349,A6313,L9004,2022-06-20,462444,9866
E1626,A4657,L2891,2023-08-13,181286,12326
E2776,A7572,L5616,2023-10-20,461269,465
E8119,A7873,L6617,2018-02-17,216424,18237
E6663,A3340,L3144,2015-06-11,139483,18288
E6139,A6977,L5915,2015-07-15,201825,4732
E8149,A2139,L5533,2024-02-08,344297,4138
E9379,A2139,L4492,2023-09-14,255586,1468
E2894,A8428,L5325,2015-07-27,300904,264
E7311,A9348,L5325,2021-06-10,320271,18866
E4114,A7912,L7054,2024-06-26,249012,19651
E5173,A1916,L1152,2021-06-22,20642,13013
E1727,A4257,L4335,2023-05-04,91282,17701
E8144,A3677,L4450,2017-07-18,145396,18041
E1027,A4150,L4910,2019-05-11,212274,2889
E9518,A5741,L3546,2024-04-23,76420,10084
E9821,A9785,L4335,2017-06-16,325138,6983
E4228,A9179,L9280,2020-04-25,320110,11367
E6967,A6881,L4335,2021-06-16,357942,7038
E8066,A2674,L8179,2019-12-11,364678,13621
E2146,A4811,L7939,2019-04-14,211616,16895
E6409,A5012,L5002,2020-02-02,21333,4767
E6143,A6930,L5956,2020-03-12,208509,5374
E3041,A1106,L5915,2020-03-21,467393,6129
E5920,A2169,L4346,2015-09-22,461826,7334
E9308,A5010,L5915,2016-03-19,174798,8381
E6067,A4733,L9288,2018-08-25,363028,6467
E7691,A4598,L9808,2021-03-24,125559,3855
E6344,A9279,L3200,2022-07-12,26842,6042
E7592,A7224,L2512,2019-04-13,391987,18689
E5844,A2489,L5333,2024-04-07,250151,1882
E3085,A7224,L2753,2017-02-02,483782,18084
E4143,A9830,L5462,2016-01-19,141815,15214
E7888,A6977,L9004,2024-08-27,471302,18111
E7211,A5552,L3546,2022-06-24,196266,2496
E3851,A5386,L9808,2017-05-05,11607,9624
E5930,A6635,L9666,2018-08-03,178139,2307
E7653,A3287,L5669,2019-05-23,429545,8314
E9977,A5374,L8179,2019-03-24,417102,3317
E1006,A7924,L1128,2024-06-23,159888,6568
E5978,A9279,L5533,2017-08-21,164026,19124
E5700,A4257,L9280,2015-06-19,147982,16064
E4443,A7912,L5462,2016-03-08,442894,10941
E8043,A6977,L9004,2020-11-11,258750,11802
E6279,A5557,L3200,2021-02-03,450962,4301
E8618,A5304,L2188,2019-05-31,366000,7785
E8238,A8428,L7054,2022-11-26,360059,3378
E8244,A1488,L6147,2024-07-04,52494,9443
E4501,A5339,L5905,2023-10-20,456553,2387
E9375,A9785,L5915,2024-07-18,120515,6440
E8752,A8517,L3170,2023-11-22,71456,10513
E3780,A5803,L9900,2022-05-29,158538,16020
E2389,A9830,L3144,2022-02-21,390925,14866
E5649,A2424,L8491,2023-10-16,233317,10859
E9445,A5422,L1832,2016-01-31,406815,10116
E6491,A7216,L2188,2021-03-21,433969,19242
E2530,A5333,L7054,2017-04-16,169227,5093
E4848,A1711,L6718,2022-12-01,142253,18632
E6085,A4611,L5002,2018-02-01,383100,18674
E4680,A5304,L1128,2019-04-19,219508,12043
E4262,A9830,L2200,2023-06-10,318183,10465
E3414,A5040,L5333,2021-12-14,339456,14134
E1400,A6155,L5905,2023-07-03,47812,5625
E1757,A5557,L7054,2023-10-06,99532,258
E5011,A4150,L5905,2022-01-01,232586,10363
E8784,A9751,L5915,2021-09-09,111829,8166
E2193,A3547,L9666,2017-04-07,479901,7358
E8461,A9279,L1832,2018-04-29,432997,14390
E7790,A7924,L9004,2016-11-11,214474,9166
E4185,A4257,L9666,2023-06-17,389468,11879
E7291,A6514,L2127,2020-03-17,254996,4500
E9099,A2169,L7484,2020-03-12,399193,10964
E7547,A5012,L6718,2015-12-01,271795,15827
E4997,A4150,L4910,2016-03-06,455656,15266
E3417,A5422,L5114,2017-04-22,197036,14693
E1090,A1916,L8491,2023-02-02,431449,11855
E2746,A2139,L6147,2023-12-17,30468,10109
E7965,A7065,L5002,2024-04-21,271149,16057
E4585,A5422,L4335,2017-07-03,415968,18177
E3881,A1434,L5915,2023-06-08,84347,3666
E9486,A5386,L9280,2015-08-30,35402,5859
E8611,A1488,L1152,2015-09-10,164118,19977
E1822,A2424,L2512,2022-07-24,373018,2786
E5082,A8527,L4492,2015-04-07,266706,9295
E2988,A5741,L5333,2018-05-14,212489,4687
E8478,A5304,L8508,2019-04-07,72119,17749
E3184,A8019,L2753,2021-06-03,410215,6536
E8612,A4432,L1152,2016-09-02,447323,8725
E9702,A3677,L5002,2016-06-08,275876,2605
E6198,A4814,L2753,2022-06-01,462023,2570
E8251,A9085,L5956,2017-09-09,299148,710
E9270,A4814,L1128,2021-09-21,16177,16719
E7991,A1916,L9808,2016-02-02,92088,1122
E9976,A7912,L8179,2019-11-06,102063,19167
E8305,A1434,L6617,2018-07-04,459846,19069
E3607,A9785,L8508,2016-02-18,437695,13375
E8777,A4483,L8508,2019-08-28,106238,19434
E8373,A7912,L6617,2020-01-03,439816,7071
E5246,A6977,L5325,2016-04-10,31213,1301
E5050,A7065,L5956,2019-02-26,131804,18174
E5543,A5339,L8179,2018-11-30,18338,8639
E9540,A5010,L6147,2020-07-12,240310,17908
E8939,A5803,L2512,2017-05-22,27507,17784
E4919,A1434,L4450,2016-07-05,482312,15569
E5499,A2489,L2638,2016-05-26,189940,4970
E8206,A5422,L9666,2022-06-21,370431,12087
E2269,A6155,L5462,2016-10-28,105390,12961
E5681,A1525,L5956,2021-04-10,144643,7417
E4841,A1106,L3584,2023-10-08,194122,19420
E5451,A9085,L4346,2017-03-15,432754,9635
E6502,A1434,L5114,2022-06-26,244384,4487
E6238,A5554,L2200,2014-12-12,265831,15327
E9849,A3803,L2200,2020-01-30,209112,16520
E2320,A9935,L5345,2022-07-17,334137,16825
E3267,A9279,L7939,2022-03-26,484956,3067
E3471,A5010,L5114,2019-10-01,65945,13101
E4788,A7873,L7484,2024-08-13,358131,12023
E7275,A1711,L3546,2018-05-25,17023,16555
E3503,A8359,L5915,2023-11-03,127845,447
E4505,A4611,L2891,2023-09-15,196279,7927
E2052,A3045,L8508,2022-01-05,257265,5534
E7797,A9830,L5669,2016-08-03,312449,16947
E7678,A3547,L2127,2018-10-28,234886,4699
E6421,A5803,L2638,2023-08-21,94104,14721
E9890,A5010,L1128,2023-05-08,457382,5317
E8633,A6635,L8491,2023-05-23,249817,5970
E7812,A1520,L9288,2023-11-29,308694,18658
E2020,A2519,L5325,2022-08-24,290057,18640
E4388,A7924,L2697,2021-09-07,184374,4890
E7883,A6155,L5333,2016-01-02,181485,15943
E7381,A5422,L6617,2015-10-12,86728,11857
E1320,A6881,L2127,2015-08-10,440171,1424
E7232,A1434,L5616,2015-07-06,469971,7270
E8814,A4456,L3584,2019-06-01,136612,16079
E1096,A1711,L4450,2015-01-30,393671,7693
E6763,A5386,L8179,2020-07-27,436615,2159
E5892,A8573,L5462,2022-05-03,362156,8762
E7389,A1488,L8491,2016-07-09,48391,12205
E7865,A3803,L7054,2015-08-12,150458,7768
E9818,A4483,L7054,2024-11-15,15391,1502
E9947,A8359,L1128,2021-08-29,203671,6875
E4613,A1525,L4450,2023-04-14,27031,17070
E8999,A4752,L8508,2015-08-25,86410,11937
E4595,A7873,L9280,2015-11-11,448648,12817
E5471,A8359,L5114,2022-01-02,301028,15490
E8140,A7482,L6718,2022-01-05,409855,14997
E8956,A2084,L4450,2021-01-31,113364,1621
E1475,A8019,L5462,2019-12-02,450373,1407
E7371,A7572,L3144,2023-02-26,117051,10719
E6507,A2291,L9280,2017-10-13,340413,3482
E7624,A6313,L6180,2015-04-08,119023,17184
E3704,A3286,L2127,2024-11-22,356307,9061
E8657,A5012,L8491,2022-09-23,109386,8728
E3091,A1520,L4492,2016-01-01,142077,19060
E9751,A3286,L6718,2020-11-28,342619,17937
E1441,A4483,L8491,2019-05-27,215699,18783
E7455,A9085,L8508,2020-05-12,270107,5796
E1444,A1916,L5669,2021-12-12,11513,12442
E2375,A7224,L9004,2023-09-09,454315,12503
E8022,A9179,L2188,2020-09-30,410103,12070
E3223,A6574,L3200,2023-07-12,403429,19357
E8564,A9085,L3584,2022-01-23,358669,2650
E3977,A1916,L9900,2023-08-17,5665,17030
E1823,A2654,L5616,2015-08-18,249563,8343
E5262,A2084,L6180,2019-02-24,478896,12431
E7211,A6155,L3546,2019-09-22,70370,7403
E6363,A5012,L3584,2018-03-03,340409,17020
E4467,A2169,L5956,2015-01-02,91807,13398
E8449,A4456,L8508,2024-04-27,316171,11663
E6355,A7216,L2697,2024-03-22,420883,11406
E6529,A5333,L6617,2017-10-12,5437,16053
E7211,A4483,L2891,2019-08-24,118319,15897
E5558,A1711,L9004,2023-06-05,133325,19898
E7906,A4432,L4335,2023-01-24,319947,316
E5133,A2674,L8508,2020-07-08,423096,16544
E2341,A5339,L2753,2023-03-17,495406,4653
E8705,A2307,L1152,2019-03-30,161148,14514
E1317,A1711,L2697,2024-05-05,374681,5526
E9837,A3664,L3170,2023-08-26,372913,7636
E1853,A7912,L6180,2018-11-09,337981,2626
E6733,A3287,L8508,2015-05-20,145377,16960
E4673,A9935,L2127,2022-02-06,223196,9301
E2124,A4611,L9666,2015-08-27,470490,7030
E1659,A8428,L4450,2015-09-27,198381,5023
E1508,A2654,L5351,2023-07-30,447476,6224
E5051,A4432,L7054,2023-02-18,183824,5256
E4266,A7065,L4346,2015-01-15,241647,11969
E1333,A6574,L2697,2016-02-12,133119,19827
E3496,A2291,L6180,2020-04-30,115404,3977
E4908,A7572,L2638,2023-03-23,245684,7647
E3068,A9928,L3584,2017-09-06,159411,13686
E8758,A9785,L2753,2015-01-23,356045,10920
E2874,A5304,L3200,2016-02-29,273964,3813
E4571,A9785,L4335,2019-09-03,433176,15878
E8619,A7543,L2697,2021-07-24,327949,15789
E5198,A5803,L9900,2020-12-03,209222,15796
E7043,A2307,L9280,2024-06-10,307439,7004
E3749,A1434,L2697,2016-05-26,54641,19459
E2876,A9348,L9900,2015-03-16,4852,5383
E3683,A2139,L5114,2018-11-28,269180,13564
E6096,A9751,L9666,2024-05-05,348265,835
E2771,A4598,L2697,2024-07-25,443123,8084
E1420,A4582,L1152,2016-03-18,441076,1513
E6111,A9785,L3144,2022-09-09,197204,4290
E7149,A6514,L3546,2015-12-14,295365,18892
E7498,A7065,L6147,2024-02-25,340393,19510
E4249,A9279,L7939,2018-05-12,312307,5379
E2245,A2584,L9808,2017-03-08,320317,4514
E4978,A6977,L3170,2017-07-09,149204,16898
E2669,A2674,L4910,2021-02-20,157487,1384
E5941,A9928,L5345,2017-02-24,359829,18852
E2983,A2535,L9808,2024-10-15,57677,4912
E1672,A2679,L2891,2015-01-17,253569,1932
E6688,A5333,L3170,2019-04-21,34469,5550
E9728,A4733,L1152,2015-11-24,177309,8562
E8018,A5386,L5533,2024-05-12,145956,5999
E7071,A2654,L1128,2023-02-04,336856,17029
E2129,A2674,L3546,2023-10-22,171465,13385
E9289,A4611,L2512,2015-06-25,452669,19739
E6590,A3045,L5533,2021-11-02,146167,18568
E1207,A1916,L5533,2020-10-17,137916,710
E7882,A8019,L2697,2022-11-20,344995,9388
E9031,A9785,L2753,2018-05-21,373817,2909
E2729,A3615,L3200,2021-04-19,468860,7197
E8102,A9348,L8491,2022-11-26,342556,14819
E6934,A4611,L3546,2022-02-03,157652,19974
E8532,A2169,L8491,2016-02-09,99754,15547
E3506,A9751,L5345,2017-03-22,79606,15883
E8135,A7065,L5533,2017-06-12,272210,5689
E3885,A2169,L2891,2019-06-27,402329,7288
E9548,A8527,L5669,2015-11-30,126987,13560
E5425,A2169,L2891,2023-11-30,472695,19788
E9817,A5506,L7939,2020-07-03,30766,4776
E8921,A1488,L4910,2022-03-11,423277,19192
E8616,A5741,L7939,2024-08-25,450480,6059
E8136,A3803,L1832,2020-05-25,421669,16838
E5397,A3664,L9666,2023-06-04,425688,8767
E6280,A6514,L2891,2017-10-03,315590,5595
E5022,A5552,L2200,2019-07-25,212863,11328
E2419,A4752,L5956,2022-09-11,347308,14959
E5569,A6925,L5915,2021-03-30,168554,19647
E8385,A2679,L2512,2018-09-06,357912,19452
E4995,A2679,L4335,2024-06-17,74363,2355
E8613,A6635,L7939,2020-03-11,379160,7630
E7209,A2169,L4492,2017-03-07,14345,12493
E6511,A6168,L6718,2021-03-03,344618,12730
E1470,A9179,L4910,2024-01-14,261766,4432
E9098,A3340,L9666,2024-03-13,155981,3657
E6325,A6820,L9288,2016-09-14,137014,642
E3979,A6635,L7054,2023-11-21,476482,6730
E8988,A8573,L3144,2021-09-06,220448,17228
E4475,A1409,L9666,2018-07-18,213126,16626
E6813,A4582,L8491,2021-03-01,204567,13855
E5232,A5554,L5533,2017-07-25,387259,5000
E6576,A4257,L4492,2018-11-26,19517,19941
E5581,A7224,L2200,2017-07-07,306672,3255
E5526,A7543,L2512,2020-05-15,372232,5913
E1166,A4150,L5462,2020-05-21,300914,15693
E9464,A9348,L9004,2023-10-03,428826,19754
E4130,A2307,L7054,2015-01-06,100570,1379
E2402,A4150,L5114,2016-02-09,180918,17513
E4954,A3286,L4450,2015-05-21,381921,16593
E7658,A2307,L6617,2017-02-10,375010,3950
E9004,A2679,L5956,2019-08-07,117582,3153
E4937,A6313,L1152,2016-04-21,360828,15902
E8800,A4598,L4450,2024-11-25,281302,4370
E9041,A3615,L6180,2016-07-04,335660,19874
E8342,A4150,L2200,2020-12-10,412512,17771
E1282,A5422,L2200,2018-12-24,250422,139
E2524,A6635,L5351,2015-07-26,476280,14239
E5820,A7912,L3546,2015-07-31,494180,17206
E4630,A4733,L7054,2024-11-15,353252,13884
E7625,A3803,L2891,2017-09-20,188955,12236
E4986,A6977,L5345,2022-07-18,266979,1523
E6016,A9348,L5616,2018-11-27,158388,17461
E7046,A5422,L2891,2019-01-26,444243,14156
E8753,A6881,L1152,2018-02-02,90121,7619
E9698,A2084,L2127,2017-07-15,441736,15898
E6632,A5339,L5114,2024-09-14,345779,12592
E7971,A5386,L3170,2016-02-15,460535,11585
E6419,A9279,L3170,2022-08-30,293682,19401
E6764,A1434,L3546,2020-05-16,95967,18978
E8434,A2535,L5345,2021-12-05,155027,3301
E5438,A5741,L3200,2023-03-27,52172,14042
E6023,A2139,L9280,2023-07-31,247824,4487
E5118,A2291,L5915,2018-11-25,68079,8440
E4777,A4598,L6180,2021-09-22,389454,15734
E2976,A4150,L7939,2019-11-19,136608,7718
E4155,A3266,L9900,2018-03-21,381206,2846
E6169,A9928,L5351,2022-03-27,424804,9382
E2958,A7924,L5345,2018-01-30,294093,19704
E9779,A7572,L4335,2018-09-14,400988,17916
E4033,A9751,L6180,2019-06-13,479478,13490
E4138,A2307,L9004,2022-07-22,96980,8547
E4545,A3803,L6180,2019-12-29,497460,6293
E8933,A3286,L4492,2022-04-01,357365,279
E5530,A3286,L2188,2015-03-24,472644,333
E9595,A4657,L5114,2019-11-13,176968,19039
E5636,A4257,L2127,2015-06-29,344112,17222
E2647,A5304,L4492,2019-09-21,47818,3961
E4180,A7201,L7939,2023-04-08,117524,17131
E5853,A6820,L9280,2021-08-23,187270,335
E4727,A5010,L8179,2024-10-30,118088,12388
E6912,A3664,L2697,2016-05-19,391180,6831
E3939,A7873,L2188,2016-09-14,457881,10451
E5952,A7572,L3546,2021-07-05,162001,13497
E1231,A9751,L6617,2015-01-26,221448,11970
E9751,A4257,L5345,2015-09-16,414186,3592
E3073,A3045,L6617,2023-10-31,465961,5171
E5494,A5386,L9900,2020-06-08,174705,14061
E1745,A9785,L3584,2020-06-29,195868,19281
E1893,A4611,L9666,2021-02-27,137608,8411
E5786,A5741,L7484,2021-11-26,308007,8662
E3068,A5386,L6617,2021-09-22,155167,17667
E9042,A6930,L5533,2022-08-05,244144,13979
E2680,A1711,L3144,2023-01-25,447281,18603
E1200,A1525,L8179,2017-05-27,62751,12081
E5658,A2291,L3200,2021-04-14,247696,9129
E8690,A3803,L2512,2022-03-02,29142,13123
E8843,A9751,L5345,2018-09-07,455239,6774
E8216,A8573,L9004,2024-02-01,333606,13640
E6582,A5374,L5669,2015-10-17,306961,18191
E4020,A9830,L1128,2014-12-25,305251,18370
E1841,A6313,L2697,2018-01-04,496085,15909
E5136,A1711,L2127,2016-05-12,326401,5956
E8827,A6820,L5462,2018-10-05,38337,12231
E2869,A5506,L4346,2015-03-01,248579,18420
E2070,A2139,L5533,2024-01-22,467315,18283
E7565,A7201,L1832,2017-01-29,102996,15951
E9056,A3340,L3144,2016-03-25,263394,8415
E2213,A4811,L1832,2021-11-22,63818,10148
E1878,A2654,L1128,2017-11-02,455818,19028
E3485,A4752,L6617,2020-01-12,357881,11383
E3444,A8527,L5325,2023-04-05,201104,13145
E5978,A8019,L9004,2019-04-07,278787,4624
E2395,A3287,L7054,2018-06-19,157424,4002
E5066,A4456,L7484,2015-02-07,217587,7629
E2940,A5012,L2891,2022-05-25,29344,14734
E7818,A6168,L8179,2018-12-01,457575,5401
E4697,A6820,L2200,2015-01-12,448867,3385
E9561,A7224,L5956,2023-12-13,80051,7127
E7232,A9179,L2200,2020-03-01,73018,16757
E8381,A2489,L2697,2024-07-21,106013,13225
E8253,A4752,L5345,2014-12-20,180657,11189
E5871,A1916,L2127,2018-03-28,215534,18141
E8025,A4527,L3170,2021-03-20,299531,1805
E6003,A8019,L5002,2024-05-11,469107,5367
E1986,A2679,L2753,2017-08-01,476330,12850
E2625,A4752,L3546,2021-01-14,240899,273
E4404,A4432,L6180,2016-02-08,76090,3084
E4457,A8359,L3546,2021-12-20,166876,4862
E5335,A3677,L2697,2020-12-04,453142,15555
E2330,A4456,L5002,2024-11-11,376216,19768
E3573,A8019,L9280,2016-05-28,95558,14366
E4929,A2084,L7939,2016-02-04,409389,2988
E3847,A2489,L5351,2021-10-03,43368,2199
E2229,A1750,L4910,2019-06-02,256632,8720
E3564,A9928,L5915,2021-08-28,175393,7366
E1043,A5339,L6617,2024-06-04,331842,12251
E7693,A2674,L1128,2018-02-15,93706,2722
E8381,A4657,L6147,2018-12-21,165319,1337
E8699,A1916,L8491,2017-03-30,333660,12693
E5771,A5040,L1152,2021-08-04,31415,13228
E1534,A4811,L9666,2020-12-14,3471,17172
E4792,A3615,L1128,2023-04-27,238006,9487
E5720,A5506,L4346,2023-12-16,144407,19677
E5632,A8428,L5956,2021-04-24,110776,1982
E8438,A9785,L2638,2022-06-22,400084,5843
E2166,A2654,L9004,2015-12-02,406558,16299
E4824,A7873,L6180,2018-05-13,89397,14484
E5334,A4814,L4335,2020-05-28,303136,450
E4241,A3287,L6718,2016-12-22,401809,6709
E7965,A6574,L1152,2017-07-21,84065,17078
E2880,A4814,L5345,2024-11-06,257679,9471
E9922,A3803,L3144,2024-04-22,412676,6481
E4683,A2489,L4335,2022-07-29,401330,1201
E3441,A5386,L5669,2016-02-13,409814,19744
E5352,A6820,L9288,2016-05-11,47159,16829
E3330,A6930,L3144,2021-01-06,68845,17002
E2169,A7543,L5669,2022-09-06,323164,7691
E1977,A9935,L5325,2021-06-24,228389,5653
E3718,A9830,L4335,2016-12-05,333129,1281
E6039,A4257,L1152,2015-03-01,226134,11887
E5728,A5010,L5351,2017-04-29,212494,7939
E8195,A6574,L8179,2021-09-08,225932,109
E3037,A4598,L6617,2015-11-25,251295,5259
E8679,A3045,L6718,2022-12-30,201968,2945
E5982,A7482,L1832,2020-01-12,3447,9141
E7594,A4432,L9004,2019-02-02,20778,13188
E5460,A3677,L7939,2023-08-31,280855,11671
E9199,A1750,L9808,2018-10-27,105550,13048
E9847,A9785,L5956,2023-05-08,384075,13385
E9090,A5557,L4335,2020-09-07,196612,19304
E8172,A3664,L3144,2020-08-08,499109,6663
E2317,A8573,L5114,2022-11-16,8380,17065
E1653,A2291,L5915,2022-07-20,468668,603
E8078,A7216,L4346,2017-05-03,169932,2348
E6280,A6925,L2200,2015-12-05,397806,3054
E5102,A3340,L5905,2023-10-18,437851,18109
E1423,A9085,L7484,2019-08-29,279414,9422
E2496,A8019,L6180,2019-04-05,100917,18421
E4750,A5339,L5462,2023-03-31,10393,19201
E1339,A4483,L9808,2024-02-27,355810,11506
E5415,A3287,L5333,2017-04-20,3162,11486
E1659,A7224,L9280,2020-09-08,329564,9160
E3870,A5386,L9666,2018-06-30,385619,7515
E8708,A4432,L4346,2024-02-18,131454,19969
E9502,A3615,L4346,2017-01-03,119628,6474
E8245,A2674,L9004,2022-05-07,364606,15001
E5557,A6881,L5002,2017-10-15,460792,13336
E3973,A4598,L8491,2023-07-08,181538,18938
E8141,A1711,L5956,2021-11-15,164626,252
E9056,A3547,L9004,2019-07-07,68596,8655
E2494,A1711,L6180,2021-04-20,54848,5835
E8700,A9085,L5905,2024-01-21,202090,13440
E6700,A6635,L7484,2021-12-05,264893,16688
E7690,A9830,L9808,2022-10-22,309632,3588
E6460,A6574,L3584,2018-11-16,161492,18405
E6260,A3287,L3144,2015-12-20,88566,2471
E2713,A9830,L1832,2019-10-31,35229,16587
E3634,A5374,L5915,2015-05-17,432931,9742
E6403,A9785,L5915,2018-05-10,24969,11240
E7744,A4432,L2127,2017-08-10,157343,3934
E9117,A5803,L5669,2024-08-12,498267,16919
E5722,A4598,L6718,2024-04-26,153477,8544
E7561,A8019,L6180,2015-05-05,240036,17726
E1601,A6881,L3584,2016-12-14,382593,18938
E8451,A6635,L5533,2023-10-05,273780,8296
E2442,A9279,L7939,2018-08-08,313669,14608
E6153,A1916,L6180,2016-04-09,275788,12456
E5135,A3340,L4335,2019-04-21,178122,18553
E6296,A7216,L9280,2018-11-23,228365,15947
E2899,A1750,L2188,2024-10-06,466554,8071
E7622,A5741,L7484,2017-10-15,361070,11230
E9431,A5803,L5333,2018-12-27,71144,15135
E1018,A9085,L3546,2017-12-23,180690,15196
E9889,A9928,L4346,2020-04-01,473584,19329
E8569,A5333,L4450,2016-09-26,257994,996
E7770,A3286,L4335,2020-01-16,189350,15893
E1888,A6635,L1152,2018-06-21,394276,3909
E4073,A5304,L9666,2018-08-11,99789,8548
E9494,A1520,L7054,2021-10-24,87446,2313
E6927,A5803,L1832,2022-11-22,498069,12639
E9167,A8428,L2200,2018-12-14,476473,7321
E8242,A9179,L6617,2023-09-19,482404,7634
E1845,A2519,L2512,2015-11-15,426726,10445
E4335,A4593,L2188,2019-12-18,212493,13614
E5375,A4432,L9900,2021-11-22,11026,11670
E9998,A5552,L4450,2021-05-24,120756,17024
E3146,A7924,L9280,2018-11-05,118608,17652
E5719,A8573,L9666,2020-03-18,382245,418
E8178,A2584,L2200,2021-09-25,69789,8729
E8941,A4598,L3144,2020-02-29,111724,8234
E2989,A5040,L5915,2018-05-22,385867,9513
E1472,A2584,L6180,2024-03-29,12488,3147
E4920,A4257,L7939,2023-02-26,310168,13172
E3594,A4582,L8491,2022-10-20,265573,11306
E6091,A5386,L5462,2017-09-24,89596,2591
E1224,A6930,L1832,2017-06-30,65572,18271
E7684,A1525,L3584,2016-05-21,193199,5948
E2527,A6514,L7054,2023-10-04,373826,15715
E4681,A2674,L5956,2018-03-05,342070,10384
E2858,A2679,L2127,2019-05-11,416302,11684
E8560,A8517,L6180,2020-09-20,20589,7261
E2924,A3677,L4492,2020-05-16,197708,18899
E3522,A3547,L5345,2021-06-07,460561,8917
E9165,A6155,L4335,2016-03-30,336712,6089
E5781,A4527,L3144,2022-05-08,135107,6331
E9337,A2679,L4492,2019-01-02,405356,16451
E5479,A2535,L2753,2015-06-02,281354,6642
E7807,A4814,L5616,2023-08-23,327702,7795
E8905,A7201,L5616,2022-03-23,26473,8031
E8736,A5304,L1832,2024-07-16,312387,8796
E4993,A6820,L5616,2024-10-22,26145,6875
E8483,A2535,L3170,2016-09-10,348062,7610
E3369,A5339,L5533,2017-03-13,57682,6744
E7284,A9085,L9004,2015-06-25,343657,8282
E4122,A4257,L6147,2015-05-04,439367,11766
E9327,A2824,L5325,2020-01-21,11350,5211
E3236,A5422,L6718,2022-08-17,26289,3595
E2143,A4611,L2200,2023-05-24,362627,4028
E5526,A4814,L5333,2020-10-20,61707,2671
E7798,A9179,L5616,2021-06-30,219510,16243
E6568,A6820,L3200,2018-08-05,233948,317
E9318,A4432,L2638,2019-03-05,200362,17843
E5377,A9179,L2512,2019-08-13,65799,1484
E1042,A7924,L8179,2020-06-03,287933,15903
E5634,A3266,L3170,2021-06-12,133507,12263
E5891,A6635,L4335,2016-05-26,249720,10435
E9022,A3045,L5351,2015-06-04,368981,16233
E3434,A6635,L4492,2018-07-09,81282,18925
E8316,A4483,L2697,2021-10-03,108738,9102
E9824,A9935,L3584,2022-10-27,365480,16182
E8935,A9085,L8491,2024-10-30,360525,6092
E6654,A1488,L4492,2020-11-14,331464,16848
E6446,A9179,L2697,2023-01-25,5878,9283
E9903,A1916,L6617,2023-04-21,158871,13137
E7180,A4527,L5616,2018-12-19,221657,7377
E8460,A8573,L7484,2023-06-12,347902,18996
E6272,A6930,L5333,2021-09-12,53942,4302
E4090,A8019,L4346,2015-05-21,348331,1874
E4912,A4657,L5669,2015-01-14,273791,17327
E7274,A5557,L2127,2023-12-04,142545,13966
E4826,A2654,L6180,2016-02-25,327525,15773
E7730,A5557,L3584,2016-08-25,318526,17819
E1715,A4657,L3546,2020-04-07,368382,1167
E6213,A5741,L9900,2024-01-02,72913,16565
E8749,A2169,L5669,2024-05-05,220585,11479
E7246,A1106,L2891,2019-08-06,436501,13001
E7325,A4593,L9280,2019-11-19,472136,5827
E3492,A5333,L8508,2022-11-11,56005,15081
E9115,A4657,L7939,2018-02-02,269217,4044
E1606,A1409,L5905,2015-02-20,377840,17080
E3068,A1711,L5533,2019-03-19,324851,15175
E9229,A6313,L7484,2024-09-09,62726,10443
E6439,A7572,L6147,2022-01-10,149219,375
E2644,A4582,L5462,2015-03-23,60775,487
E8213,A7201,L7484,2021-10-24,412440,7005
E2633,A6635,L4346,2016-01-19,56712,12533
E9617,A3664,L9288,2018-10-31,261958,19138
E8486,A4483,L2200,2021-05-23,105148,3401
E1251,A7216,L4910,2020-06-19,320292,10763
E3361,A3677,L5351,2017-08-22,105726,11948
E7717,A2169,L8179,2017-09-09,408874,8609
E3529,A4257,L3200,2019-04-10,138884,6232
E2225,A3803,L3170,2024-06-02,436944,18075
E8692,A7065,L6617,2022-12-29,275279,8713
E5342,A2584,L5114,2018-12-15,106734,7870
E6546,A3615,L3200,2020-08-09,188654,8927
E7512,A4811,L5533,2024-05-02,369803,15545
E2315,A7201,L9900,2020-04-10,215830,11342
E6383,A4611,L5956,2016-12-18,155849,12090
E9742,A7543,L9004,2021-05-19,85081,6126
E7226,A3664,L8179,2019-05-29,21659,16443
E6188,A4483,L3144,2016-08-07,288382,13991
E8994,A2519,L6617,2016-08-01,261232,6998
E9864,A5304,L2891,2015-02-19,478289,13832
E1588,A1106,L2891,2021-10-24,109891,12299
E2121,A1409,L4450,2024-01-04,361817,12062
E4846,A6930,L2188,2023-08-22,490225,13226
E5708,A2291,L5345,2022-07-21,253006,9262
E4727,A5333,L3144,2023-06-14,174331,14869
E2480,A6313,L6718,2022-06-02,123948,5994
E8110,A3340,L3144,2021-01-05,2435,18823
E2612,A3266,L3200,2022-09-15,7684,4397
E2646,A3615,L2200,2017-05-25,353129,18970
E8269,A5557,L2188,2016-06-16,47663,7589
E3725,A5386,L2891,2021-12-08,476466,3372
E5906,A6155,L2127,2015-07-25,58897,8945
E1474,A2307,L8179,2019-05-09,438902,7826
E1753,A7227,L5462,2016-04-28,302021,18297
E6314,A9751,L6617,2018-09-26,351760,14262
E1919,A3045,L7939,2024-02-15,260052,12580
E5806,A1488,L4335,2022-04-12,79194,6524
E6873,A2307,L9280,2017-04-23,498783,4879
E7141,A8517,L4335,2021-05-04,48229,5000
E8056,A2535,L7484,2024-10-25,409696,15598
E3385,A1106,L6718,2016-06-30,269280,419
E5000,A4257,L9004,2022-11-22,40346,5887
E9702,A4432,L5956,2024-06-20,380355,13912
E7751,A3045,L1832,2020-09-09,380362,16470
E3950,A2674,L4492,2015-12-13,54105,4506
E3785,A2824,L5351,2016-05-21,475364,17041
E3868,A7224,L4492,2017-05-17,135161,17597
E2293,A4733,L3144,2020-01-05,338818,10445
E7267,A6514,L5956,2022-01-19,122194,16045
E4945,A6977,L8491,2023-04-01,240469,9931
E9153,A3266,L1128,2018-08-08,156200,8323
E3344,A2584,L4450,2015-10-27,139477,18520
E4804,A7201,L5616,2020-08-26,244415,18706
E8555,A1711,L5351,2021-11-09,27256,1663
E5161,A4752,L6718,2022-05-21,53328,13154
E8529,A8019,L5325,2024-02-14,427339,3343
E5183,A1916,L2512,2021-01-13,92594,5452
E1153,A1409,L5325,2018-06-30,459301,2067
E8622,A7224,L2512,2018-10-08,21680,7160
E5712,A9179,L8508,2023-02-03,447823,8432
E9955,A4150,L8491,2024-09-07,153340,15715
E3588,A3287,L4346,2021-09-21,189856,3255
E2210,A6514,L5114,2019-01-10,421267,14840
E8237,A9935,L6180,2020-12-20,355820,11066
E6661,A8517,L9004,2019-05-14,164948,8612
E5901,A9279,L4346,2015-01-23,224344,11928
E7951,A7065,L1152,2018-12-13,388207,11906
E5097,A8527,L2697,2023-02-09,61765,18461
E8484,A4611,L7054,2018-03-05,50806,18367
E5949,A2307,L5333,2016-02-10,447298,8544
E4263,A5339,L5333,2020-08-07,398517,11376
E7302,A3803,L1832,2019-05-31,467769,749
E8916,A9830,L9288,2022-05-10,25059,13592
E2747,A9085,L1152,2023-06-04,6071,4072
E4886,A8527,L5669,2024-11-24,447692,11604
E7248,A3287,L6180,2021-12-11,73558,19943
E6881,A9279,L2512,2015-02-16,348789,6619
E5847,A6155,L5533,2019-09-01,340318,19002
E5837,A5333,L5345,2024-10-28,90397,18970
E1359,A2139,L1832,2020-09-27,173312,17743
E7484,A5386,L8491,2015-10-05,188447,5819
E5497,A3547,L5533,2022-11-23,469990,9426
E1132,A3547,L6147,2023-10-20,230488,11736
E1803,A4257,L5002,2022-09-23,327005,10752
E9138,A4432,L5956,2022-03-31,141671,16826
E5689,A7873,L5345,2023-03-21,461574,16074
E4770,A3664,L5333,2021-08-19,385338,14745
E6772,A4593,L7484,2023-10-04,49733,2669
E4588,A7572,L9288,2015-09-04,196361,12586
E4115,A2139,L5114,2022-02-25,428275,9488
E5106,A2654,L3546,2021-07-17,180685,15296
E3240,A5040,L6617,2023-03-17,96876,4846
E2591,A5422,L7484,2017-05-25,60680,5591
E1645,A6820,L2697,2021-08-07,211122,11155
E6061,A3266,L1128,2021-01-26,210846,13922
E8222,A8573,L3200,2019-07-21,240357,18831
E1546,A8517,L5669,2022-02-04,143518,13363
E6977,A5552,L5351,2020-01-23,439151,2437
E3153,A9348,L2697,2015-06-17,203226,2692
E2476,A2674,L3546,2023-01-16,362707,5408
E5835,A5339,L1152,2023-01-18,446996,11359
E6352,A3266,L5669,2019-06-16,251738,7578
E7807,A6168,L1152,2023-01-31,420377,10372
E3877,A1520,L9288,2022-05-01,222113,10483
E4289,A3677,L5533,2022-03-18,341182,9647
E3165,A6977,L5915,2022-05-27,465584,8864
E9837,A3677,L3546,2023-06-15,418810,19937
E6994,A9830,L9280,2023-08-19,88440,13058
E9697,A4150,L1832,2018-09-06,60274,8988
E9221,A7912,L8491,2017-01-24,70474,14678
E5465,A6313,L9808,2018-11-24,365993,12000
E3695,A4811,L2512,2023-05-22,381848,19332
E5210,A9935,L3200,2016-03-06,31747,17170
E8894,A5422,L4346,2018-03-03,495124,14855
E5835,A3803,L4910,2019-12-17,443682,13665
E6549,A7924,L4346,2023-04-22,84569,5582
E2886,A1916,L4492,2020-11-19,55375,6125
E8673,A8573,L4910,2014-12-10,219118,856
E2233,A7873,L5905,2021-05-07,478745,4197
E3306,A8359,L5669,2021-06-25,310723,7788
E4696,A3045,L3584,2017-06-30,254060,8345
E7511,A5010,L2188,2017-07-04,421617,2723
E6992,A8428,L8508,2022-03-16,299290,7000
E2479,A4811,L4910,2016-08-18,356673,5569
E7464,A5339,L2753,2024-01-14,230723,13110
E1228,A6574,L5114,2017-03-15,96032,3475
E5332,A5304,L2512,2021-01-29,321509,3231
E9791,A4752,L4335,2023-03-24,200098,2190
E3024,A5374,L9900,2021-10-12,409506,15605
E8451,A1488,L9808,2018-03-04,189009,18071
E7038,A9751,L2127,2020-12-03,321527,1863
E5295,A6977,L4492,2022-09-02,16108,963
E7242,A9935,L9900,2023-01-06,453238,13109
E7086,A3664,L1832,2018-02-23,359856,17269
E2775,A1434,L2127,2015-08-28,462347,2827
E4830,A9751,L5345,2024-04-04,440634,3505
E8724,A2654,L7484,2022-10-17,382303,8700
E1410,A3664,L3546,2021-09-06,468540,5188
E6374,A6313,L5669,2020-03-14,69501,2862
E4626,A9935,L8491,2023-04-27,254272,12874
E2035,A4598,L3200,2023-04-25,483553,10237
E8606,A7065,L9280,2023-08-05,256916,7615
E5951,A3340,L5351,2020-05-31,60211,8206
E7689,A8527,L8508,2024-03-07,466354,9411
E2911,A8019,L9808,2020-08-29,216631,14621
E3290,A5506,L5333,2022-06-23,232047,4242
E1742,A5741,L4910,2020-06-15,25102,4401
E1609,A2519,L8179,2019-05-10,34206,17360
E5986,A2824,L7484,2018-10-16,138160,5690
E9071,A4593,L1128,2019-02-21,344394,1036
E2902,A5552,L3170,2019-03-06,165751,1251
E2592,A4752,L5533,2022-02-25,7480,11792
E4846,A7912,L6718,2017-07-08,370396,10756
E9807,A3286,L2127,2015-09-30,456256,15702
E3222,A7227,L3144,2024-01-05,356429,15408
E7367,A5803,L2753,2022-04-12,276155,17813
E8432,A5040,L1128,2021-10-13,403406,9026
E7078,A2424,L4346,2020-06-23,390873,18074
E9850,A7216,L5669,2016-10-12,303330,14676
E7866,A9935,L2638,2019-09-25,380465,4527
E3531,A2424,L3170,2021-10-01,297229,17771
E7797,A6820,L3546,2015-08-29,118432,5901
E2622,A4657,L6718,2018-08-18,352191,19460
E9017,A6635,L2512,2015-11-02,458778,19681
E7686,A4814,L4450,2016-12-14,178366,15060
E5583,A1106,L4492,2023-12-24,273157,18580
E1536,A9085,L1128,2019-05-18,275256,14353
E7070,A4257,L5669,2021-09-19,361836,17252
E4559,A9085,L5462,2018-05-25,368305,17591
E8264,A4483,L2697,2023-11-06,325135,10246
E8285,A7543,L5533,2015-11-27,50934,11476
E4868,A4483,L5533,2023-09-02,227936,15882
E6942,A2654,L2638,2019-04-21,347928,17783
E2627,A2139,L1832,2022-11-02,381974,7542
E7018,A1750,L2891,2023-08-23,131325,3034
E9920,A6977,L7939,2018-11-21,253669,14578
E6876,A1750,L4492,2018-01-15,182272,10188
E1992,A1750,L2188,2014-12-02,348975,12085
E7523,A1520,L4346,2023-07-21,355573,13607
E5520,A5339,L9900,2015-07-31,337280,8613
E4109,A7482,L6147,2021-12-02,202786,5202
E3001,A7216,L9808,2022-01-06,78937,10047
E8450,A4257,L2891,2023-07-03,440894,445
E2501,A9179,L7054,2016-01-24,434291,103
E4475,A5803,L6617,2023-09-26,293733,17248
E1349,A9279,L9004,2015-06-19,468697,4566
E1828,A5557,L4346,2016-01-27,322343,11368
E6464,A8573,L5002,2022-10-05,29608,9496
E4990,A5741,L4346,2021-02-11,7105,15474
E3063,A3677,L7939,2023-03-08,338326,17634
E4362,A1434,L5325,2019-05-29,490879,372
E2124,A7543,L3584,2018-05-28,83275,16219
E4394,A3547,L2512,2024-06-11,266063,15732
E4538,A2824,L1832,2022-03-07,446039,9917
E4817,A3266,L6718,2019-11-03,247042,399
E6383,A5506,L5915,2020-10-11,447625,14204
E3417,A1711,L2200,2017-01-11,260960,9698
E1046,A7065,L5333,2019-02-20,456824,19662
E5542,A3340,L4492,2017-03-03,87719,7676
E3370,A8019,L9900,2019-06-09,40250,336
E3129,A7216,L2697,2024-05-05,394965,18063
E9850,A7227,L5351,2018-06-08,258765,12343
E5106,A8573,L2188,2019-10-25,169104,6279
E3858,A1750,L5114,2020-09-27,127296,13591
E2801,A4527,L5345,2017-09-14,174484,18468
E1422,A2674,L3144,2022-04-25,146834,14423
E3159,A3664,L4910,2022-01-12,27398,13035
E1243,A5803,L9808,2022-11-05,266776,8288
E6869,A7873,L5333,2016-02-16,117762,5450
E4898,A6881,L9900,2020-11-30,289618,12870
E6304,A3615,L9004,2017-01-18,338283,12498
E1258,A8019,L5669,2018-08-12,199515,7328
E3854,A9348,L1128,2015-07-22,212433,8717
E5347,A4811,L2512,2017-10-21,429397,2695
E1858,A4657,L3144,2017-06-25,124207,13935
E3076,A7482,L5462,2018-12-12,42329,7949
E7897,A2654,L5915,2015-10-25,241697,17028
E9619,A5386,L3200,2015-05-14,233882,9008
E2862,A9085,L6180,2017-09-06,421091,9428
E2041,A5506,L6617,2023-03-25,301435,17530
E8802,A6514,L8179,2023-12-25,235932,8908
E8344,A6574,L7484,2021-01-20,47147,13630
E6931,A2424,L5462,2017-03-31,450099,6260
E9408,A2535,L3546,2016-07-13,262334,2343
E2786,A6168,L5351,2017-01-26,235392,6077
E8405,A4657,L5956,2016-10-09,166707,4576
E9254,A6977,L5325,2017-05-16,63236,9589
E4629,A6168,L6180,2020-05-01,261766,3716
E1710,A3340,L4492,2015-07-09,391719,15020
E9543,A9830,L3170,2023-07-21,343555,14936
E5941,A2679,L9288,2018-08-17,10316,9017
E8504,A2674,L2127,2017-11-01,54814,16221
E1510,A6930,L8179,2018-07-02,212518,6253
E1996,A3286,L9004,2022-03-23,217184,10606
E8847,A2307,L2512,2022-01-20,19786,735
E7580,A8428,L2127,2019-12-25,293097,5085
E7984,A4527,L2127,2015-07-05,288885,1726
E2768,A7216,L9666,2017-04-21,1088,17629
E9032,A5552,L5345,2022-07-28,434014,825
E8267,A3266,L9808,2023-09-18,48655,6192
E2204,A2489,L7484,2015-12-15,416122,3451
E2323,A9935,L2638,2018-09-13,317776,9344
E6277,A4257,L6180,2017-05-01,325568,8920
E3430,A3803,L5533,2019-10-19,335253,4197
E2076,A5333,L5533,2023-11-07,160697,14466
E3067,A4527,L5462,2016-02-09,467674,368
E5505,A7543,L5915,2016-03-06,267515,7728
E9984,A1916,L2188,2017-08-26,295824,3055
E6327,A9785,L5915,2024-03-06,109449,5037
E7240,A1916,L1152,2021-03-10,344196,582
E9692,A6168,L9666,2023-09-11,353045,16273
E5831,A9085,L1128,2021-05-21,240184,7216
E8433,A3340,L2127,2015-01-18,499259,11303
E9282,A3045,L9900,2021-04-28,179705,13870
E8048,A6514,L8491,2023-03-23,191496,10309
E2624,A1711,L2891,2017-12-23,433700,16431
E2874,A9928,L7054,2022-04-02,29455,12269
E4522,A7482,L5533,2016-09-01,429127,15294
E8046,A5010,L2200,2019-03-07,117873,1139
E8398,A3547,L9666,2018-03-22,443665,10921
E4743,A4814,L6718,2017-06-10,239267,2728
E7779,A1711,L1128,2014-12-30,175049,4887
E6553,A6881,L9288,2020-02-16,294680,1936
E8430,A9935,L8491,2017-03-13,403347,8832
E7532,A4598,L3144,2017-10-11,325931,12958
E7815,A1525,L1152,2019-01-21,315547,2439
E2557,A6930,L9280,2021-08-24,249058,17899
E6120,A5557,L6718,2021-09-24,376735,15505
E7992,A4456,L5114,2021-02-07,345544,6050
E6120,A3340,L9004,2016-03-09,191470,6397
E5176,A7227,L5616,2018-02-25,376344,8294
E7132,A4598,L4910,2019-01-17,238257,12603
E3500,A2169,L2200,2022-12-25,60781,513
E8770,A2679,L2127,2021-05-17,52085,4096
E2099,A5803,L2188,2019-12-22,399102,8257
E2494,A4483,L3144,2019-03-01,346458,12709
E2398,A8517,L5114,2020-06-27,117259,14614
E2527,A1750,L4492,2016-02-20,2151,8199
E8075,A3677,L7054,2022-12-07,179969,1198
E2582,A9785,L8179,2015-10-21,187195,6626
E7105,A5040,L3200,2022-11-16,436098,15200
E3131,A2654,L5351,2019-09-05,333220,3178
E1982,A4814,L9280,2016-09-03,420384,17176
E6400,A7873,L6718,2015-08-18,154083,6930
E3002,A1711,L9288,2022-03-06,288147,15593
E7730,A1750,L8508,2020-03-27,274670,12850
E6793,A1106,L6147,2017-06-05,197026,10327
E7929,A3266,L8179,2020-03-15,369100,10686
E1842,A8573,L9666,2015-01-09,56743,5297
E5712,A6820,L2753,2023-10-08,25000,1482
E6119,A6514,L2512,2024-06-19,471221,18108
E6761,A3547,L2753,2019-11-06,87064,17169
E2697,A1711,L4492,2019-02-15,259171,4102
E9313,A9830,L5915,2020-11-04,74635,8400
E4485,A9928,L1128,2022-10-29,431880,15868
E3535,A7065,L5915,2020-05-10,376839,9891
E8900,A9935,L6180,2020-04-13,390289,6611
E4674,A4598,L8491,2020-04-13,379304,11910
E2773,A4814,L4346,2023-08-04,215544,1806
E6736,A2654,L5351,2015-05-11,57078,7236
E7022,A4598,L5533,2023-08-18,134320,3800
E2882,A3677,L9808,2020-08-15,321262,7832
E5564,A4257,L6180,2021-11-18,103719,14326
E4705,A4733,L2638,2021-10-19,99326,10733
E8030,A2674,L8179,2018-11-21,64305,593
E1430,A2519,L5669,2022-02-21,488701,5584
E5381,A6574,L9280,2016-07-07,447795,9147
E1474,A7201,L6617,2022-09-27,206990,19259
E3955,A4483,L4335,2018-11-16,114030,4020
E5477,A1520,L3144,2019-02-15,240623,13069
E6062,A6977,L5462,2023-08-29,433303,8065
E6567,A2139,L5462,2017-01-04,410689,392
E6751,A1488,L9288,2023-08-06,100918,1476
E1100,A8573,L7484,2023-07-31,376803,19140
E3972,A8019,L6147,2021-05-10,178174,15673
E3347,A3615,L7484,2024-02-14,57500,19636
E7566,A2679,L2638,2015-08-21,397964,5178
E2140,A2584,L4335,2015-05-21,218301,12269
E3324,A1750,L9666,2021-07-20,25379,3032
E1502,A3340,L6180,2018-11-24,486819,8250
E2503,A7572,L3144,2016-05-04,333000,5267
E9691,A7572,L5002,2018-10-31,440073,16481
E4524,A3286,L8491,2021-08-01,353395,3095
E7163,A7912,L4910,2019-10-15,309706,11189
E7878,A3615,L1128,2015-07-02,65602,2067
E8432,A9348,L5351,2018-01-28,405826,2058
E6585,A1525,L1152,2024-01-10,468536,11749
E3578,A8019,L3546,2015-12-07,237194,5143
E7062,A8517,L5956,2022-07-31,240802,17675
E6105,A4598,L1832,2021-04-02,346220,3619
E6314,A5552,L8179,2020-10-12,309971,4223
E2391,A4432,L2697,2015-11-06,265344,16085
E1861,A6574,L6147,2016-12-16,71588,7724
E3549,A7201,L3584,2016-08-02,262529,10478
E3579,A1711,L9280,2021-04-20,3274,18396
E1815,A1409,L5956,2019-03-03,279063,11480
E2336,A5552,L8508,2022-02-15,386988,14475
E5458,A3615,L7054,2024-09-12,26465,6423
E8259,A6930,L2200,2016-12-14,291049,799
E7947,A9279,L8508,2015-03-02,491370,12478
E8957,A4593,L5345,2022-09-29,227917,11836
E8242,A3266,L5345,2018-02-21,440781,4514
E7785,A4432,L9666,2021-08-24,307771,8314
E5475,A2674,L2188,2022-04-12,254195,1393
E4531,A5040,L4910,2024-04-11,485636,16002
E9394,A7572,L4450,2016-04-30,267512,14436
E2864,A9830,L4450,2024-11-05,410511,18418
E6655,A6574,L4450,2021-01-09,483954,9757
E8043,A5741,L4492,2015-08-08,478197,17884
E2816,A6514,L4335,2019-10-04,93905,16159
E5640,A5422,L3170,2022-11-18,363711,6318
E8972,A3045,L2697,2015-04-28,304329,18669
E9633,A2489,L9900,2022-11-14,92042,6215
E6053,A6635,L2753,2023-04-08,383989,17913
E1744,A1750,L5905,2023-06-06,428422,11492
E4612,A7065,L5351,2015-11-12,68309,10706
E7475,A8573,L3144,2017-09-10,55292,15448
E1897,A9179,L5345,2020-03-14,204112,9121
E1125,A6925,L3584,2018-05-12,345730,19717
E4349,A8527,L6180,2024-04-02,315859,18270
E5938,A7224,L9900,2017-12-29,318802,5354
E4460,A4150,L2638,2016-10-15,463786,2356
E3248,A9751,L4335,2019-10-10,169738,17504
E5186,A2169,L5333,2023-07-14,265298,5179
E5742,A7065,L4492,2020-12-27,463102,14825
E6375,A2535,L6617,2021-01-20,202674,9788
E2965,A8019,L2891,2019-12-29,220500,8729
E1126,A6820,L6147,2020-12-27,320288,17847
E9149,A9348,L3584,2019-08-03,481200,12129
E8055,A9785,L5114,2019-01-29,364077,14979
E3878,A6574,L7054,2023-11-10,400703,123
E3116,A2139,L5905,2016-05-05,131148,16679
E7229,A9785,L2891,2019-04-06,144443,12520
E9725,A4814,L2697,2024-04-19,209598,6179
E4770,A3286,L7054,2022-02-01,180756,713
E9196,A6313,L3546,2016-08-30,155231,12030
E6802,A3547,L3200,2021-11-19,238421,7924
E2180,A6930,L2127,2017-03-28,422945,10608
E7505,A9928,L3584,2023-03-06,70925,2175
E1693,A5506,L5345,2016-09-05,73446,17760
E8147,A7224,L8508,2021-10-28,217397,12797
E1307,A5422,L6147,2021-09-27,316896,6321
E8532,A4752,L2127,2016-02-02,368009,17272
E2275,A4752,L5616,2023-06-09,465748,16403
E6129,A8019,L9808,2016-02-11,393391,18170
E8033,A2654,L6147,2022-12-01,269589,5150
E7626,A5333,L5533,2018-10-03,157716,9377
E7843,A7873,L5345,2022-05-18,443013,10670
E5743,A7924,L5351,2017-06-09,368785,13528
E2887,A7201,L5905,2017-10-22,288208,10652
E7636,A4527,L5333,2019-03-22,452258,3719
E1341,A1750,L7054,2019-11-02,165579,3254
E6321,A6313,L5533,2015-04-02,374227,17244
E3815,A2674,L5462,2018-07-25,387305,2284
E8538,A2169,L9808,2023-07-30,491477,1534
E6928,A5422,L1152,2018-01-16,291236,4352
E2443,A9179,L5915,2022-03-11,332655,5953
E8155,A5339,L4492,2022-06-22,114950,1124
E2734,A2291,L5325,2021-05-27,106323,6721
E4986,A2519,L4492,2020-08-12,110949,3607
E8138,A9348,L5345,2017-07-20,328243,16004
E7560,A5374,L2891,2018-12-13,375543,6378
E9584,A8019,L2512,2016-08-12,153347,3335
E2288,A4483,L5351,2022-02-09,360982,1142
E7484,A6930,L7939,2015-02-22,182033,18810
E6083,A5374,L9808,2020-04-09,483969,12833
E6562,A3664,L3546,2023-03-29,353517,16153
E4630,A8359,L3584,2016-11-17,70558,17330
E6456,A7543,L7054,2024-06-30,373452,19442
E3754,A6925,L8508,2017-05-12,341832,8486
E2251,A8359,L8508,2015-01-22,94225,1708
E9363,A4257,L4492,2015-11-03,265185,12104
E2868,A8019,L5462,2024-04-06,285421,7332
E9693,A7216,L2127,2016-04-29,365019,19955
E9355,A5374,L2512,2019-11-30,334907,2422
E4176,A1106,L9004,2023-03-27,170020,528
E6724,A7216,L7054,2016-08-11,373429,6939
E6752,A4483,L5462,2023-07-07,61505,16202
E3419,A9935,L6147,2022-06-10,399865,2720
E4871,A3677,L5114,2019-09-11,185674,15437
E2684,A4657,L9004,2016-06-02,295796,2089
E3399,A7912,L7054,2023-10-04,252852,11926
E5193,A8517,L3546,2019-09-26,306558,18385
E4232,A2679,L3546,2024-01-09,300178,13729
E3842,A9348,L2188,2021-05-28,495232,12193
E3504,A2824,L3546,2024-08-04,350782,2010
E2234,A4814,L2638,2015-11-18,373309,8810
E3902,A4257,L2697,2019-11-20,219878,17434
E9095,A4456,L2891,2019-06-17,354497,1432
E8601,A4527,L6718,2017-10-22,393098,2406
E8354,A2424,L8508,2022-08-02,469643,10058
E6295,A9830,L2697,2020-07-18,442130,2653
E6179,A7873,L4910,2022-10-20,280918,7174
E3473,A1409,L3144,2023-06-03,150908,17122
E8205,A5552,L5351,2020-04-05,461050,3282
E2118,A3803,L9808,2018-10-04,445229,3416
E8682,A3664,L5616,2019-07-03,222452,7669
E8245,A2139,L9808,2017-07-15,424784,17521
E5961,A9935,L6147,2021-11-21,7695,12726
E5500,A2084,L5333,2016-07-28,275061,6308
E1920,A6155,L5905,2020-10-08,56821,6428
E6766,A8517,L4346,2023-11-28,14249,17342
E9312,A5386,L5002,2017-01-08,200685,8251
E2215,A4432,L4450,2022-08-11,77193,18778
E6085,A7482,L2638,2020-03-11,28821,5962
E8565,A5374,L6180,2017-07-22,352406,18398
E8404,A5506,L5002,2015-12-16,30677,18389
E1616,A2824,L5114,2015-05-15,105806,13704
E1932,A8573,L8508,2018-05-28,140973,3557
E7041,A5422,L2127,2020-09-22,394313,18992
E5703,A4814,L5351,2021-06-18,412845,11829
E2257,A1409,L6147,2016-11-29,85376,15131
E2479,A5506,L2188,2018-04-26,151269,14094
E9307,A3677,L5462,2020-03-04,359293,3511
E7299,A8019,L5114,2024-02-13,132366,5566
E8581,A6881,L2188,2024-06-05,77770,6011
E1672,A8573,L5533,2016-03-22,441077,18121
E8368,A6635,L8491,2018-12-31,33523,13258
E4084,A5506,L5333,2021-02-19,363070,16637
E6267,A3803,L5669,2022-07-11,412229,11159
E8792,A5040,L7484,2016-07-28,155738,5283
E9214,A3340,L5669,2023-06-28,107955,17594
E3471,A5554,L5114,2017-12-18,396100,19758
E2013,A5557,L5325,2016-09-16,284730,14616
E8381,A4582,L8179,2023-05-17,17937,11644
E2695,A2535,L5462,2019-07-07,189052,10426
E6626,A3677,L5915,2024-01-17,427784,18125
E2381,A7873,L5002,2024-07-11,238289,10738
E9266,A6514,L6718,2023-06-20,54729,12280
E3827,A3615,L2127,2016-02-29,324018,13611
E1641,A2084,L6180,2019-11-16,456100,14209
E5059,A3677,L1152,2021-02-01,355170,10698
E8172,A2519,L1832,2019-09-27,388707,7987
E8199,A6925,L5956,2023-01-23,295589,18553
E9586,A2584,L6617,2018-05-12,454426,17979
E9564,A5741,L2697,2018-09-21,118601,7109
E3600,A1520,L4335,2020-12-20,390238,12390
E6962,A2139,L2127,2018-05-16,340276,18130
E7108,A2307,L8508,2021-07-01,295267,8425
E5634,A3664,L5114,2024-04-04,204888,11896
E7347,A6313,L2753,2017-05-08,125568,14924
E7697,A2674,L9004,2019-01-24,268870,14763
E6543,A5040,L4450,2023-07-26,412202,13111
E1857,A3547,L7054,2022-10-23,418770,106
E6482,A1711,L9808,2017-08-07,419812,1235
E2079,A5339,L5325,2017-12-30,365971,9421
E6401,A1520,L5462,2014-12-08,151805,19621
E2548,A9179,L8508,2023-10-18,364298,634
E7333,A9179,L3584,2015-07-22,349386,17061
E5655,A9348,L6718,2018-07-06,25630,4526
E5128,A4657,L1832,2021-02-10,486744,9990
E3463,A1488,L9004,2014-12-24,201059,315
E6461,A2307,L3170,2023-02-08,204190,9941
E2335,A1750,L6180,2018-08-31,219400,7370
E3317,A1750,L8508,2022-09-18,414197,7139
E6731,A5422,L1832,2014-12-18,360215,10418
E6082,A6820,L4346,2022-06-26,164920,811
E7421,A9935,L9004,2014-12-19,290472,9142
E3112,A6155,L3546,2016-02-21,29207,18242
E2388,A1409,L8179,2023-04-02,7797,16853
E6072,A5040,L5533,2023-11-12,390897,18329
E7171,A8359,L3546,2020-03-03,132775,18799
E6381,A1520,L4910,2015-04-26,107476,18830
E3093,A2169,L8508,2017-01-17,326353,5169
E9624,A5554,L5616,2019-10-18,456527,3189
E2531,A4483,L2127,2024-03-30,410429,1336
E7937,A7201,L4450,2017-08-05,452120,15185
E9331,A6313,L9808,2021-08-26,457192,11754
E6928,A2535,L6617,2017-06-22,233293,5215
E1298,A3677,L3546,2019-03-04,436150,4635
E6940,A3286,L5915,2023-11-21,119252,8783
E6060,A4527,L2697,2019-05-10,478881,12128
E3953,A5552,L2188,2022-06-18,333287,19176
E4509,A3287,L5002,2022-05-11,370428,8287
E6598,A6313,L2512,2015-10-07,373006,7734
E8967,A6820,L7484,2023-04-16,340545,8496
E4145,A2584,L4492,2022-10-02,193802,9940
E4711,A3286,L7054,2016-03-30,396893,3111
E3253,A7912,L2127,2015-06-06,309483,18793
E3538,A5339,L1152,2020-09-11,287583,13200
E2264,A6881,L6617,2019-12-17,388160,18747
E5846,A7216,L3144,2024-02-07,317348,7224
E2657,A6313,L5114,2017-10-05,104006,2629
E9317,A7482,L5325,2018-06-29,407924,10739
E9843,A4657,L6617,2018-04-06,381063,15911
E9626,A5557,L1832,2021-04-17,102448,5765
E1618,A9785,L5002,2019-06-04,155233,16099
E6517,A5506,L9666,2016-05-17,236308,18981
E3147,A6574,L4346,2020-09-03,94022,3224
E7172,A1525,L9288,2015-07-19,358909,19604
E3527,A9928,L2200,2020-02-21,40043,9943
E3658,A3266,L4492,2018-08-18,99029,1324
E3962,A5304,L9004,2020-03-05,92118,18983
E3712,A5741,L7484,2022-10-29,386393,12602
E8170,A7912,L7054,2016-11-03,270403,2671
E1715,A1711,L9288,2023-05-18,63575,1932
E7731,A4611,L5915,2024-04-22,198760,11057
E6968,A6313,L1832,2024-02-18,22304,11500
E4891,A6514,L4346,2016-07-08,225661,14331
E8277,A6313,L5351,2022-04-15,147335,13748
E5668,A4733,L3584,2018-02-27,292817,4049
E8355,A3340,L9666,2019-11-03,139537,7529
E4833,A7216,L1832,2016-05-20,69192,19836
E9749,A7201,L9900,2019-02-17,85373,474
E4918,A4733,L1152,2017-01-25,307176,12633
E6070,A3266,L9900,2021-10-16,444555,1873
E8684,A6930,L2697,2022-09-22,134701,10087
E4178,A4257,L3584,2022-09-02,3959,17282
E7026,A3287,L7054,2020-09-01,174310,1449
E8218,A8019,L2891,2022-06-05,245491,10563
E8564,A1520,L3584,2018-04-18,373081,17792
E5616,A3803,L5915,2023-12-09,492517,18611
E7256,A4593,L5905,2016-04-14,82162,5001
E9239,A5803,L3546,2016-05-08,21940,10809
E9641,A2679,L4335,2015-10-18,81584,16562
E7859,A2535,L7939,2021-10-08,487868,7335
E3655,A5554,L9280,2016-09-05,170151,5119
E4271,A4527,L9808,2021-09-04,313937,1755
E3267,A7912,L1152,2024-03-17,27662,12973
E5096,A2291,L9666,2024-11-18,406621,14701
E1854,A7572,L7484,2022-07-29,489836,19601
E8873,A9085,L4910,2022-10-18,328872,18949
E7081,A5386,L3170,2023-07-08,323756,16638
E2680,A6168,L6147,2020-08-23,443048,3051
E9452,A5741,L2127,2015-01-19,348021,7377
E3042,A2489,L9288,2020-10-25,158891,14253
E5670,A3045,L5915,2021-12-26,258189,9595
E2374,A5012,L7484,2022-10-28,415139,13021
E3626,A6155,L5002,2023-05-13,301247,4950
E5469,A2584,L1152,2016-01-02,289442,4431
E8361,A6977,L3584,2019-07-28,188739,11115
E9410,A5374,L1152,2023-02-16,39210,2804
E3414,A4527,L1832,2017-05-03,412058,15692
E8167,A6925,L7484,2024-01-22,372028,18824
E2502,A5422,L2753,2022-07-11,167649,1715
E4637,A1750,L3144,2016-10-20,276458,18061
E8391,A5554,L5002,2015-11-24,116323,13180
E6727,A1106,L5616,2018-10-25,97400,8703
E1436,A5339,L4450,2021-09-19,273947,2887
E7797,A4752,L5905,2015-08-21,36744,13158
E1872,A7482,L5114,2015-12-20,413225,16543
E7495,A1750,L6147,2018-03-31,265839,14337
E9224,A1520,L5956,2018-04-26,84556,4372
E7126,A9085,L4335,2016-05-03,219067,4519
E4862,A2084,L1152,2021-02-06,285730,15858
E7326,A5333,L5616,2020-07-02,282561,18427
E2337,A2674,L5956,2024-04-14,212506,6591
E7142,A5304,L1152,2018-08-21,49205,16086
E4678,A7912,L5351,2023-05-20,184187,13053
E1461,A1520,L5915,2022-11-08,116971,18821
E6221,A2584,L5002,2016-03-10,464154,6525
E2623,A7873,L2200,2023-10-28,112858,18488
E6493,A1750,L2638,2021-10-01,348778,17278
E3392,A5304,L9900,2022-12-08,175002,8168
E3254,A6155,L9004,2019-05-23,174574,8040
E1627,A7873,L2753,2015-10-19,190161,2447
E5700,A6930,L1832,2021-08-25,154917,8824
E8740,A4733,L1832,2015-04-30,115528,14192
E3273,A9785,L2891,2017-01-17,499235,10697
E8685,A4150,L9288,2019-06-01,395608,18974
E8349,A4582,L5325,2018-09-05,325157,3035
E1086,A1488,L3170,2022-07-07,279134,3787
E2298,A2824,L6718,2017-07-24,249961,13652
E1311,A8527,L4492,2015-09-05,295301,13978
E5193,A8428,L5915,2016-07-23,432849,12069
E4533,A4150,L5351,2023-12-26,395334,11513
E3449,A9348,L8179,2017-08-26,341420,6341
E9991,A2584,L3546,2024-04-11,5615,10609
E9647,A4582,L2753,2017-05-23,61147,11389
E7934,A1434,L2697,2019-12-14,351716,19560
E2821,A1488,L2188,2017-03-25,182407,893
E5720,A1106,L5351,2022-05-14,234657,10088
E4893,A5554,L5669,2022-12-24,127011,5646
E5934,A6977,L4346,2020-08-19,475216,11559
E2996,A4598,L5956,2015-03-04,337731,14590
E1782,A4598,L3144,2018-07-27,322756,4878
E4906,A9751,L3170,2018-03-02,482614,14533
E7878,A4814,L5325,2018-02-11,326651,1570
E8489,A4582,L6617,2016-06-29,128835,7750
E2029,A5012,L5616,2021-08-20,21907,6643
E2816,A1488,L5905,2020-03-20,358853,12349
E9189,A6925,L2638,2016-04-08,465340,5211
E9782,A5422,L5915,2019-11-03,169263,2911
E1269,A1488,L6147,2020-11-25,200949,3782
E9443,A6168,L2200,2020-06-28,481212,1887
E4963,A6168,L1152,2020-04-28,418441,8064
E3352,A3045,L6617,2023-01-16,496445,4939
E5772,A4733,L3170,2018-01-08,60440,9526
E8032,A1409,L3144,2015-02-13,203310,550
E1025,A5333,L5905,2022-08-24,135527,11348
E6780,A4814,L8491,2023-11-25,284239,3746
E4941,A4733,L6718,2023-09-22,380571,10098
E7825,A2489,L8179,2018-07-04,149283,14847
E4068,A1520,L5905,2015-06-16,13952,15539
E2402,A8019,L2697,2015-11-28,478802,845
E9576,A4598,L5325,2018-10-26,271987,10974
E6908,A2674,L9288,2017-01-26,432021,6948
E2108,A1916,L3144,2022-02-24,404960,17729
E9618,A5010,L4335,2019-02-10,197586,7042
E9914,A8359,L2891,2018-04-19,270646,6778
E9312,A5339,L3584,2018-05-17,421907,18005
E9316,A1750,L8508,2023-04-26,267723,17246
E1333,A8359,L5669,2015-11-29,234600,8575
E7397,A4257,L3584,2015-12-31,256225,18083
E8702,A2584,L5669,2021-09-15,23990,15927
E1713,A1711,L8508,2017-07-02,156416,4731
E7338,A2584,L9666,2021-06-28,471958,702
E7116,A2169,L4910,2015-07-05,342588,12440
E5155,A9928,L9288,2023-03-05,101931,19203
E1266,A2424,L9666,2015-10-02,168936,17362
E6850,A8359,L1128,2016-11-22,270428,1524
E2106,A5554,L9288,2015-06-11,44172,8470
E6649,A6881,L9808,2018-08-28,498136,5681
E4950,A2654,L5345,2019-07-10,51308,2069
E2698,A1711,L3546,2020-04-06,88763,9406
E6447,A4432,L5351,2024-01-13,406441,6676
E3185,A7912,L2188,2017-02-13,283053,8989
E1726,A4150,L7939,2024-01-09,280553,1839
E6772,A2519,L9004,2022-03-07,4843,15335
E9945,A2674,L5325,2022-04-08,329693,373
E6546,A8019,L5915,2023-11-03,35326,2282
E3868,A4456,L3144,2023-09-24,111510,12835
E8612,A2169,L5325,2023-07-18,352448,8990
E8840,A6168,L7054,2019-01-11,331046,11903
E3986,A5386,L2891,2018-08-22,406579,3635
E3209,A7924,L9900,2020-08-30,112765,725
E2033,A3664,L7939,2024-09-17,454483,9684
E8498,A4582,L5462,2017-12-04,360349,12765
E1605,A4257,L9808,2021-01-27,223407,7674
E5807,A1711,L2753,2016-06-18,439129,12574
E4302,A2824,L5351,2017-10-14,55487,16763
E1717,A5741,L3584,2018-01-25,108782,3363
E4268,A7201,L5333,2015-06-26,282938,10436
E1686,A2084,L9900,2022-03-16,435502,15981
E6170,A1750,L2891,2016-12-08,369439,19665
E6080,A7201,L9280,2022-12-10,461658,17518
E9444,A8428,L5905,2023-12-22,389694,2984
E7524,A7201,L3546,2016-08-16,407431,6208
E9897,A5554,L4492,2015-07-23,229189,6616
E8756,A9179,L5905,2024-04-30,339984,16505
E5150,A6168,L6718,2023-03-18,429214,15107
E1599,A4257,L3144,2021-08-26,493700,18472
E4131,A1711,L8179,2021-11-24,38811,804
E5687,A3045,L5114,2021-09-18,392585,1402
E6848,A7572,L4910,2022-08-17,360684,8206
E1783,A3287,L3200,2022-02-10,81611,17447
E6438,A7924,L3546,2018-08-18,13453,10091
E5476,A4432,L5333,2020-07-29,241766,11030
E3039,A9785,L3546,2022-05-22,376845,16154
E7029,A5557,L9280,2020-02-15,174914,12990
E8159,A5741,L4450,2023-09-16,20863,5244
E7553,A9785,L2188,2022-06-17,46886,702
E8204,A5333,L8491,2018-02-02,39403,11463
E7334,A6930,L7939,2019-03-10,29452,11631
E6554,A3287,L9666,2016-12-27,94319,11745
E4060,A6155,L8508,2021-04-07,417397,10006
E9129,A5374,L1152,2022-05-08,133072,7839
E9151,A1916,L2200,2024-01-06,293596,16525
E7018,A2674,L2638,2015-08-09,37931,9139
E9507,A3045,L6180,2022-07-14,302445,2131
E5369,A1750,L4910,2024-09-07,431765,8543
E2353,A6881,L5956,2020-01-21,120351,12786
E7955,A5741,L3144,2021-10-30,478619,1065
E2293,A4150,L9280,2024-07-29,136606,18284
E8055,A4811,L5956,2020-06-16,214716,9281
E3956,A6313,L2638,2021-09-30,204440,7491
E9937,A7924,L6617,2018-02-28,237519,5071
E5813,A1525,L2188,2016-08-12,331415,11299
E6262,A7216,L5616,2018-07-10,213047,12972
E2680,A1106,L9288,2016-04-27,228029,4597
E2311,A5339,L2127,2015-09-09,166886,2976
E6372,A9085,L1832,2022-01-24,9855,12624
E5843,A5422,L7484,2020-09-05,205211,17162
E6021,A5012,L3144,2024-03-31,354002,7552
E8305,A7543,L3584,2024-05-22,63026,13775
E7981,A7065,L2753,2015-03-19,281407,7976
E3730,A9830,L8179,2024-04-30,4092,18872
E8272,A6574,L2753,2017-04-08,337290,5105
E6759,A8428,L2127,2022-02-23,378637,14074
E8325,A5333,L5345,2024-01-28,325193,10336
E1693,A3287,L5333,2021-09-07,34154,19936
E6776,A2424,L1128,2018-04-12,397341,10890
E8126,A4814,L4346,2021-05-23,392093,14818
E5498,A3340,L9004,2023-08-21,308027,17867
E1939,A2169,L4450,2019-09-07,24863,4417
E2229,A4257,L5462,2020-03-24,368464,6875
